<?xml version="1.0" encoding="UTF-8"?>

<!DOCTYPE mapper PUBLIC "-//mybatis.org//DTD Mapper 3.0" 
"http://mybatis.org/dtd/mybatis-3-mapper.dtd" >

<mapper namespace = "comments">
	<!-- COMMENT 댓글 -->	 
	 <resultMap id="boardCommentMap" type="boardComment">
		<id column="comment_no" property="commentNo"/>
		<result column="comment_content" property="commentContent"/>
		<result column="comment_like_count" property="commentLikeCount"/>
		<result column="comment_level" property="commentLevel"/>	
		<result column="created_at" property="createdAt"/>
		<result column="updated_at" property="updatedAt"/>
		<result column="deleted_at" property="deletedAt"/> 
		<result column="is_deleted" property="isDeleted"/> 
		<result column="comment_member_no" property="commentMemberNo"/> 
		<result column="parent_comment_no" property="parentCommentNo"/> 
		<result column="comment_board_no" property="commentBoardNo"/> 
	</resultMap>
	
	<!-- 감자 COMMENTS 코드-->
	<insert id="insertBoardComment" parameterType="boardComment">
	INSERT INTO COMMENTS(COMMENT_NO, COMMENT_CONTENT,COMMENT_LIKE_COUNT,COMMENT_LEVEL,COMMENT_MEMBER_NO,PARENT_COMMENT_NO,COMMENT_BOARD_NO) VALUES(
	'CM_' || LPAD(SEQ_COMMENTS_NO.NEXTVAL, 4, '0'),#{commentContent},0,#{commentLevel},#{commentMemberNo},#{parentCommentNo},#{commentBoardNo})
	</insert>
	
	
	<select id="selectBoardComment" parameterType="string" resultMap="boardCommentMap">
		SELECT COMMENT_NO, COMMENT_BOARD_NO, COMMENT_MEMBER_NO, COMMENT_CONTENT, IS_DELETED, DELETED_AT, COMMENT_LEVEL, PARENT_COMMENT_NO
		FROM COMMENTS
		WHERE COMMENT_BOARD_NO = #{boardNo}
		START WITH COMMENT_LEVEL = 1
		CONNECT BY PRIOR COMMENT_NO = PARENT_COMMENT_NO
		ORDER SIBLINGS BY COMMENT_NO
	</select>
	
	<update id="deleteBoardComment" parameterType="string">
    	UPDATE COMMENTS SET IS_DELETED='Y', DELETED_AT=SYSDATE WHERE COMMENT_NO = #{commentNo}
	</update>
	
	<update id="updateBoardComment" parameterType="com.gamjabat.board.model.dto.BoardComments">
    	UPDATE COMMENTS SET
        comment_content = #{commentContent},
        updated_at = CURRENT_TIMESTAMP
    	WHERE comment_no = #{commentNo}
	</update>
		
	<!-- 페이징 처리.  -->
	<select id="selectBoardCommentByNo" resultMap="boardCommentMap" parameterType="map">
		SELECT * 
		FROM (SELECT ROWNUM AS RNUM, C.* 
			FROM (SELECT * FROM COMMENTS WHERE COMMENT_BOARD_NO =  #{boardNo})C
			)
		WHERE RNUM BETWEEN #{start} AND #{end}
	</select>
	
	
	<select id="selectBoardCommentCountAll" resultType="_int" parameterType="string">  
		SELECT COUNT(*) FROM COMMENTS 
		WHERE COMMENT_BOARD_NO =  #{boardNo}
	</select>
	
	<!-- <select id="selectBoardCommentCount" resultType="_int">   
		SELECT COUNT(*) FROM COMMENTS
		WHERE COMMENT_BOARD_NO = #{boardNo}
	</select>
	 -->
	
	<!-- 다인 코드 -->
	<select id="selectCommentsAllByMemberNo" parameterType="map" resultType="map">
	    SELECT *
	    FROM (
	        SELECT ROWNUM AS RNUM, C.*
	        FROM (
	            SELECT 
	            	b.BOARD_NO AS boardNo,
	                b.BOARD_TITLE AS boardTitle,
	                DBMS_LOB.SUBSTR(c.COMMENT_CONTENT, 4000, 1) AS commentContent,
	                c.CREATED_AT AS commentCreatedAt,
	                c.COMMENT_LIKE_COUNT AS commentLikeCount
	            FROM COMMENTS c
	            JOIN BOARD b ON c.COMMENT_BOARD_NO = b.BOARD_NO
	            WHERE c.COMMENT_MEMBER_NO = #{memberNo}
	              AND c.IS_DELETED = 'N'
	            ORDER BY c.CREATED_AT DESC
	        ) C
	        WHERE ROWNUM &lt;= #{end}
	    )
	    WHERE RNUM BETWEEN #{start} AND #{end}
	</select>
	
	<select id="selectCommentsAllByMemberNoCount" parameterType="String" resultType="_int">
	 	SELECT 
        	COUNT(*)
        FROM COMMENTS c
        JOIN BOARD b ON c.COMMENT_BOARD_NO = b.BOARD_NO
        WHERE c.COMMENT_MEMBER_NO = #{memberNo}
          AND c.IS_DELETED = 'N'
        ORDER BY c.CREATED_AT DESC
	</select>
	
</mapper>