<?xml version="1.0" encoding="UTF-8"?>

<!DOCTYPE mapper PUBLIC "-//mybatis.org//DTD Mapper 3.0" 
"http://mybatis.org/dtd/mybatis-3-mapper.dtd" >

<mapper namespace = "report">
	
	<insert id="insertReport" parameterType="com.gamjabat.model.dto.report.Report">
	    INSERT INTO REPORT VALUES ('RT_' || LPAD(SEQ_REPORT_NO.NEXTVAL, 4, '0'), #{reportContent}, 'RHS-1',
	    NULL, DEFAULT, DEFAULT, NULL, 
	    DEFAULT, #{reportReasonType}, #{reportMemberNo}, #{reportBoardNo}, #{reportCommentNo})
	</insert>
	
	<!--다인 추가-->
	<select id="selectReportAllByMemberNo" parameterType="map" resultType="map">
	    SELECT *
	    FROM (
	        SELECT ROWNUM AS RNUM, CONTENT_DATA.*
	        FROM (
	            SELECT 
	                R.REPORT_NO AS reportNo,              
	                RT.TYPE_NAME AS reportReason,         
	                R.CREATED_AT AS reportDate,        
	                RS.TYPE_NAME AS statusTypeName
	            FROM 
	                REPORT R
	            LEFT JOIN TYPE RT 
	                ON R.REPORT_REASON_TYPE = RT.TYPE_NO
	            LEFT JOIN TYPE RS 
	                ON R.REPORT_STATUS = RS.TYPE_NO
	            LEFT JOIN BOARD B 
	                ON R.REPORT_BOARD_NO = B.BOARD_NO
	                AND B.IS_DELETED = 'N'
	            LEFT JOIN COMMENTS C 
	                ON R.REPORT_COMMENT_NO = C.COMMENT_NO
	                AND C.IS_DELETED = 'N'
	            WHERE 
	                R.REPORT_MEMBER_NO = #{memberNo}
	            ORDER BY 
	                R.CREATED_AT DESC
	        ) CONTENT_DATA
	    )
	    WHERE RNUM BETWEEN #{start} AND #{end}
	</select>
	
	
	<!--다인 추가-->
	<select id="selectReportAllByMemberNoCount" parameterType="String" resultType="_int">
		SELECT 
            COUNT(*)
        FROM 
            REPORT R
        LEFT JOIN TYPE RT 
            ON R.REPORT_REASON_TYPE = RT.TYPE_NO
        LEFT JOIN TYPE RS 
            ON R.REPORT_STATUS = RS.TYPE_NO
        LEFT JOIN BOARD B 
            ON R.REPORT_BOARD_NO = B.BOARD_NO
            AND B.IS_DELETED = 'N'
        LEFT JOIN COMMENTS C 
            ON R.REPORT_COMMENT_NO = C.COMMENT_NO
            AND C.IS_DELETED = 'N'
        WHERE 
            R.REPORT_MEMBER_NO = #{memberNo}
        ORDER BY 
            R.CREATED_AT DESC
	</select>
	
	<!--다인 추가-->
	<select id="selectReport" parameterType="map" resultType="com.gamjabat.model.dto.report.Report">
	    SELECT 
	        R.REPORT_NO AS reportNo,              
	        RT.TYPE_NAME AS reportReasonType,  
	        R.REPORT_CONTENT AS reportContent,      
	        RS.TYPE_NAME AS reportStatus,
	        R.CREATED_AT AS createdAt, 
	        R.REPORT_BOARD_NO AS reportBoardNo,
	        R.REPORT_COMMENT_NO AS reportCommentNo,
	        R.REPORT_RESULT AS reportResult,
	        NVL(MB.NICKNAME, CM.NICKNAME) AS writerNickname,
	        NVL(R.REPORT_BOARD_NO, C.COMMENT_BOARD_NO) AS commentBoardNo,
	        B.IS_DELETED AS boardIsDeleted,
	        C.IS_DELETED AS commentIsDeleted,
	        CB.IS_DELETED AS commentBoardIsDeleted
	    FROM 
	        REPORT R
	    LEFT JOIN TYPE RT 
	        ON R.REPORT_REASON_TYPE = RT.TYPE_NO
	    LEFT JOIN TYPE RS 
	        ON R.REPORT_STATUS = RS.TYPE_NO
	    LEFT JOIN BOARD B 
	        ON R.REPORT_BOARD_NO = B.BOARD_NO
	    LEFT JOIN COMMENTS C 
	        ON R.REPORT_COMMENT_NO = C.COMMENT_NO
	    LEFT JOIN BOARD CB 
	        ON C.COMMENT_BOARD_NO = CB.BOARD_NO
	    LEFT JOIN MEMBER MB 
	        ON B.BOARD_MEMBER_NO = MB.MEMBER_NO
	    LEFT JOIN MEMBER CM 
	        ON C.COMMENT_MEMBER_NO = CM.MEMBER_NO
	    WHERE 
	        R.REPORT_NO = #{reportNo}
	</select>
	
	
	
</mapper>