<?xml version="1.0" encoding="UTF-8"?>

<!DOCTYPE mapper PUBLIC "-//mybatis.org//DTD Mapper 3.0" 
"http://mybatis.org/dtd/mybatis-3-mapper.dtd" >


<mapper namespace = "admin">	
	<select id="selectMemberAll" resultType="com.gamjabat.admin.model.dto.Member">
				SELECT * FROM (
				SELECT ROWNUM AS RNUM ,M.* FROM 
				(
						SELECT  
							member_no AS memberNo
							,member_id AS memberId
							,member_name AS memberName
							,email
						FROM MEMBER
						ORDER BY memberNo) m
				)
				WHERE rnum BETWEEN #{start} AND #{end}
		
	</select>	
	<select id="selectInqueryBoardAll" resultType="com.gamjabat.admin.model.dto.InqueryBoard">
				SELECT * FROM (
						SELECT rownum AS rnum, b.* FROM (
							SELECT
								b.board_no AS inqueryNo
							   ,(SELECT member_id FROM MEMBER mb WHERE mb.member_id = m.member_id) AS inqueryMember
							   ,t.TYPE_NAME AS inqueryCode
							   ,b.BOARD_TITLE AS inqueryTitle
							   ,b.BOARD_CONTENT  AS inqueryContent
							   ,'2024-01-01' AS createDate
							   ,'처리중' AS status
							FROM BOARD b,MEMBER m,TYPE t
							WHERE 1=1
							and b.BOARD_MEMBER_NO(+) =m.MEMBER_NO
							AND b.BOARD_TYPE_NO = t.TYPE_NO(+)
							AND b.board_no IS NOT null
							ORDER BY b.CREATED_AT 
							) b
			)
			WHERE rnum BETWEEN #{start} AND #{end}
	</select>	
	<select id="selectReportBoardAll" resultType="com.gamjabat.admin.model.dto.ReportBoard">
		SELECT * FROM (
		SELECT 
			rownum AS rnum,rb.*   
		FROM (
								SELECT 
					r.report_no AS reportNo
					,(SELECT 
						member_id 
					FROM MEMBER m2 
					WHERE 1=1 
					AND m2.member_no = r.report_member_no) AS reportMemberId
					,r.report_content AS reportContent
					,(CASE
						WHEN report_board_no IS NULL THEN  '댓글'
					ELSE '게시글' 
					end) AS reportBoardType
					,t.type_name AS reportReasonCode
					,TO_CHAR(r.created_at,'YYYY-MM-DD') AS createdAt
					,t1.type_name AS status
				FROM report r, MEMBER m, TYPE t, TYPE t1
				WHERE 1=1
				AND r.report_member_no(+) = m.member_no
				AND r.report_reason_type = t.TYPE_NO(+) 
				AND r.report_status = t1.TYPE_NO(+) 
				order by r.created_at
				) rb
		)
				WHERE rnum BETWEEN #{start} AND #{end}
	</select>	
	<select id="selectMemberCount" resultType="_int">
		SELECT COUNT(*) FROM MEMBER
	</select>
	<select id="selectMemberByid" resultType="com.gamjabat.admin.model.dto.Member" parameterType="String">
		select 
			 member_no as memberNo
			,member_id as memberId
			,email
			,phone
			,address
			,nickname as nickName
			,member_name as memberName
		from member where member_id = #{memberId}
	</select>
	<select id="selectReportBoardByNo"  resultType="com.gamjabat.admin.model.dto.ReportBoard" parameterType="String">
		SELECT 
				r.report_no AS reportNo
				,(SELECT 
					member_id 
				FROM MEMBER m2 
				WHERE 1=1 
				AND m2.member_no = r.report_member_no) AS reportMemberId
				,r.report_content AS reportContent
				,(CASE
					WHEN r.report_board_no IS NULL THEN  '댓글'
				ELSE '게시글' 
				end) AS reportBoardType
				,(CASE
					WHEN r.report_board_no IS NULL 
						THEN  (SELECT c.comment_content FROM COMMENTS c WHERE c.comment_no= r.report_comment_no)
				ELSE   '글제목 : '|| b.board_title || '글내용: '|| b.board_content
				end) AS reportFromContent
				,t1.TYPE_NO  AS reportReasonCode
				,t1.TYPE_NAME  AS reportReasonStatus
				,t.type_name AS reportReasonCode
				,TO_CHAR(r.created_at,'YYYY-MM-DD') AS createdAt
				,t1.type_name AS status
			FROM report r, MEMBER m, TYPE t, TYPE t1, BOARD b
			WHERE 1=1
			AND r.report_member_no = m.member_no(+)
			AND r.report_reason_type  = t.TYPE_NO(+)
			AND r.report_status = t1.TYPE_NO(+)
			AND r.report_board_no = b.board_no(+)
			and report_no = #{reportNo}
	</select>
	
	<update id= "updateReportProcessing"   parameterType="map">
		UPDATE report 
			SET  report_result = #{pContent}
			    ,report_status = #{reason}
			WHERE report_no= #{reportNo}
	</update>
</mapper>