<?xml version="1.0" encoding="UTF-8"?>

<!DOCTYPE mapper PUBLIC "-//mybatis.org//DTD Mapper 3.0" 
"http://mybatis.org/dtd/mybatis-3-mapper.dtd" >

<!--
	mapper태그에는 반드시 namespace속성을 설정
	mybatis가 mapper를 찾을 때 이름이됨
-->

<mapper namespace = "board">

	<!-- 상균 sql문 -->
	<!-- 실행할 sql문 관련 실행! -->
	<!-- <insert id="insertBoard" parameterType="com.gamjabat.board.model.dto.Board">

     INSERT INTO BOARD VALUES (
        #{boardNo}, #{category}, #{title}, #{content}, #{likeCount},
        #{viewCount}, #{createdAt}, #{updatedAt}, #{isDeleted}, #{memberNo}, #{boardTypeNumber}
    )
</insert> -->

<!-- 게시물 등록  -->
	
	<insert id="insertBoard" parameterType="com.gamjabat.board.model.dto.Board">
    INSERT INTO BOARD VALUES ('1', #{title}, #{content},
    #{likeCount}, #{viewCount}, #{createdAt, jdbcType=TIMESTAMP}, #{updatedAt, jdbcType=TIMESTAMP}, 
    #{deletedAt, jdbcType=TIMESTAMP}, #{isDeleted}, #{memberNo}, #{boardTypeNumber})
	</insert>
	

<!-- 게시물 목록들 조회  -->

	<select id="selectBoardsAll" resultType="com.gamjabat.board.model.dto.Board">
  
SELECT 
    b.board_no AS boardNo,
    b.board_title AS title,
    b.board_content AS content,
    m.member_name AS writer,
    b.created_at AS createdAt,
    b.board_like_count AS likeCount,
    b.view_count AS viewCount,
    t.type_name AS categoryName,
    m.nickname AS writerNickname
FROM 
    board b
JOIN 
    member m ON b.board_member_no = m.member_no
JOIN 
    type t ON b.board_type_no = t.type_no
WHERE 
    b.is_deleted = 'N'
ORDER BY 
    b.board_no DESC

	</select>
	

<!-- 게시물 상세 정보 조회  -->

<select id="selectByBoardNo" parameterType="String" resultType="com.gamjabat.board.model.dto.Board">
    SELECT 
    b.board_no AS "boardNo",
    b.board_title AS "title",
    b.board_content AS "content",
    m.member_name AS "writer",
    m.nickname AS "writerNickname",
    b.created_at AS "createdAt",
    b.board_like_count AS "likeCount",
    b.view_count AS "viewCount",
    t.type_name AS "categoryName"
FROM 
    BOARD b
JOIN 
    MEMBER m ON b.board_member_no = m.member_no
JOIN 
    TYPE t ON b.board_type_no = t.type_no
WHERE 
    b.board_no = #{boardNo}

</select>


<!-- 게시물 삭제 로직  -->

	<update id="logicalDeleteBoard" parameterType="String">
    UPDATE BOARD SET IS_DELETED = 'Y' WHERE board_no = #{boardNo}
	</update>
	
	
<!-- 게시물 수정 로직!  -->

	<update id="updateBoard" parameterType="com.gamjabat.board.model.dto.Board">
    UPDATE BOARD SET
    title = #{title},
    content = #{content},
    updatedAt = CURRENT_TIMESTAMP
    WHERE board_no = #{boardNo}
	</update>


    <insert id="insertAttachment" parameterType="com.gamjabat.board.model.dto.Attachment">
        INSERT INTO ATTACHMENT (ATTACHMENT_NO, FILE_ORIGINAL_NAME, FILE_RENAME, CREATED_AT, ATTACHMENT_BOARD_NO)
        VALUES (#{attachmentNo}, #{originalFileName}, #{storedFileName}, NOW(), #{boardId})
    </insert>


	<!-- 조회수 증가 -->
	<update id="increaseViewCount" parameterType="String">
	    UPDATE board
	    SET view_count = view_count + 1
	    WHERE board_no = #{boardNo}
	</update>



    <select id="isLiked" resultType="int" >
        SELECT COUNT(*) FROM likes
        WHERE board_no = #{boardNo} AND member_no = #{memberNo}
    </select>

    <insert id="addLike">
        INSERT INTO likes (board_no, member_no, created_at)
        VALUES (#{boardNo}, #{memberNo}, NOW())
    </insert>

    <delete id="removeLike">
        DELETE FROM likes
        WHERE board_no = #{boardNo} AND member_no = #{memberNo}
    </delete>

    <select id="getLikeCount" resultType="int">
        SELECT COUNT(*) FROM likes
        WHERE board_no = #{boardNo}
    </select>
	
		<!-- 좋아요 수 증가 -->
	<update id="increaseLikeCount">
	    UPDATE board SET board_like_count = board_like_count + 1 WHERE board_no = #{boardNo}
	</update>
	
	<!-- 좋아요 수 감소 -->
	<update id="decreaseLikeCount">
	    UPDATE board SET board_like_count = board_like_count - 1 WHERE board_no = #{boardNo}
	</update>
	
	<!-- 좋아요 여부 확인 -->
    <select id="checkIfLiked" resultType="int">
        SELECT COUNT(*) 
        FROM likes 
        WHERE board_no = #{boardNo} 
          AND member_no = #{memberNo}
    </select>
    



<!-- 감자님 sql문 -->

	<!-- COMMENT 댓글 -->	 
	 <resultMap id="boardCommentMap" type="boardComment">
			<id column="comment_no" property="commentNo"/>
			<result column="comment_content" property="commentContent"/>
			<result column="comment_like_count" property="commentLikeCount"/>
			<result column="comment_level" property="commentLevel"/>	
			<result column="created_at" property="createdAt"/>
			<result column="updated_at" property="updatedAt"/>
			<result column="deleted_at" property="deletedAt"/> 
			<result column="is_deleted" property="isDeleted"/> 
			<result column="comment_member_no" property="commentMemberNo"/> 
			<result column="parent_comment_no" property="parentCommentNo"/> 
			<result column="comment_board_no" property="commentBoardNo"/> 
		</resultMap>	
		
		
		<!-- 감자 COMMENTS 코드-->
	<insert id="insertBoardComment" parameterType="boardComment">
	INSERT INTO COMMENTS(COMMENT_NO, COMMENT_CONTENT,COMMENT_LIKE_COUNT,COMMENT_LEVEL,COMMENT_MEMBER_NO,PARENT_COMMENT_NO,COMMENT_BOARD_NO) VALUES(
	'CM_' || LPAD(SEQ_COMMENTS_NO.NEXTVAL, 4, '0'),#{commentContent},0,#{commentLevel},#{commentMemberNo},#{parentCommentNo},#{commentBoardNo})
	</insert>
	
	<select id="selectBoardComment" parameterType="String" resultMap="boardCommentMap">
	SELECT * FROM COMMENTS WHERE COMMENT_BOARD_NO=#{boardNo}
	START WITH COMMENT_LEVEL=1
	CONNECT BY PRIOR COMMENT_NO=COMMENT_BOARD_NO
	</select>






	
</mapper>



