<?xml version="1.0" encoding="UTF-8"?>

<!DOCTYPE mapper PUBLIC "-//mybatis.org//DTD Mapper 3.0" 
"http://mybatis.org/dtd/mybatis-3-mapper.dtd" >

<mapper namespace = "board">
	<!-- 실행할 sql문 관련 실행! -->
	<!-- <insert id="insertBoard" parameterType="com.gamjabat.model.dto.Board">

     INSERT INTO BOARD VALUES (
        #{boardNo}, #{category}, #{title}, #{content}, #{likeCount},
        #{viewCount}, #{createdAt}, #{updatedAt}, #{isDeleted}, #{memberNo}, #{boardTypeNumber}
    )
</insert> -->
	<resultMap id="boardMap" type="com.gamjabat.board.model.dto.Board">
	    <id property="boardNo" column="BOARD_NO"/>
	    <result property="title" column="BOARD_TITLE"/>
	    <result property="content" column="BOARD_CONTENT"/>
	    <result property="likeCount" column="BOARD_LIKE_COUNT"/>
	    <result property="viewCount" column="VIEW_COUNT"/>
	    <result property="createdAt" column="CREATED_AT"/>
	    <result property="updatedAt" column="UPDATED_AT"/>
	    <result property="deletedAt" column="DELETED_AT"/>
	    <result property="isDeleted" column="IS_DELETED"/>
	    <result property="memberNo" column="BOARD_MEMBER_NO"/>
	    <result property="boardTypeNumber" column="BOARD_TYPE_NO"/>
	</resultMap>

	<!-- 상균 sql문 -->
	<!-- 실행할 sql문 관련 실행! -->
	<!-- <insert id="insertBoard" parameterType="com.gamjabat.board.model.dto.Board">

     INSERT INTO BOARD VALUES (
        #{boardNo}, #{category}, #{title}, #{content}, #{likeCount},
        #{viewCount}, #{createdAt}, #{updatedAt}, #{isDeleted}, #{memberNo}, #{boardTypeNumber}
    )
</insert> -->

	<!-- 게시물 등록  -->
	<insert id="insertBoard" parameterType="com.gamjabat.board.model.dto.Board">
	    INSERT INTO BOARD VALUES ('1', #{title}, #{content},
	    #{likeCount}, #{viewCount}, #{createdAt, jdbcType=TIMESTAMP}, #{updatedAt, jdbcType=TIMESTAMP}, 
	    #{deletedAt, jdbcType=TIMESTAMP}, #{isDeleted}, #{memberNo}, #{boardTypeNumber})
	    <selectKey keyProperty="boardNo" resultType="string" order="AFTER">
        	SELECT 'BD_' || TO_CHAR(board_no_seq.CURRVAL, 'FM0000') FROM DUAL
        </selectKey>
	</insert>
	

	<!-- 게시물 목록들 조회  -->
	<select id="selectBoardsAll" resultType="com.gamjabat.board.model.dto.Board">
		SELECT 
		    b.board_no AS boardNo,
		    b.board_title AS title,
		    b.board_content AS content,
		    m.member_name AS writer,
		    b.created_at AS createdAt,
		    b.board_like_count AS likeCount,
		    b.view_count AS viewCount,
		    t.type_name AS categoryName,
		    m.nickname AS writerNickname
		FROM 
		    board b
		JOIN 
		    member m ON b.board_member_no = m.member_no
		JOIN 
		    type t ON b.board_type_no = t.type_no
		WHERE 
		    b.is_deleted = 'N'
		ORDER BY 
   			b.board_no DESC
	</select>
	

	<!-- 게시물 상세 정보 조회  -->
	<select id="selectByBoardNo" parameterType="String" resultType="com.gamjabat.board.model.dto.Board">
	    SELECT 
		    b.board_no AS "boardNo",
		    b.board_title AS "title",
		    b.board_content AS "content",
		    m.member_name AS "writer",
		    m.nickname AS "writerNickname",
		    b.created_at AS "createdAt",
		    b.board_like_count AS "likeCount",
		    b.view_count AS "viewCount",
		    t.type_name AS "categoryName"
		FROM 
		    BOARD b
		JOIN 
		    MEMBER m ON b.board_member_no = m.member_no
		JOIN 
		    TYPE t ON b.board_type_no = t.type_no
		WHERE 
		    b.board_no = #{boardNo}
	</select>


	<!-- 게시물 삭제 로직  -->
	<update id="logicalDeleteBoard" parameterType="String">
    	UPDATE BOARD SET IS_DELETED = 'Y' WHERE board_no = #{boardNo}
	</update>
	
	<select id="selectByBoardNo1" parameterType="String" resultType="com.gamjabat.board.model.dto.Board">
		SELECT 
		    b.board_no AS boardNo,
		    b.board_title AS title,
		    b.board_content AS content,
		    m.member_name AS writer,
		    m.nickname AS writerNickname,
		    b.created_at AS createdAt,
		    b.board_like_count AS likeCount,
		    b.view_count AS viewCount,
		    t.type_name AS categoryName
		FROM 
		    BOARD b
		JOIN 
		    MEMBER m ON b.board_member_no = m.member_no
		JOIN 
		    TYPE t ON b.board_type_no = t.type_no
		WHERE 
		    b.board_no = #{boardNo}
		
	</select>
	
	

	<!-- 게시물 수정 로직!  -->
	<update id="updateBoard">
	    UPDATE board
	    SET 
	        board_type_no = #{categoryName},
	        board_title = #{title},
	        board_content = #{content},
	        updated_at = #{updatedAt}
	    WHERE board_no = #{boardNo}
	</update>
	
	<!-- 특정 게시글의 기존 태그 삭제 -->
	<select id="selectHashtagId" parameterType="string" resultType="int">
	    SELECT hashtag_no
	    FROM hashtag
	    WHERE hashtag_name = #{tag}
	</select>
	
	
	
	<!-- 특정 게시글의 기존 태그 삭제 -->
	<delete id="deleteTagsByBoardNo">
	    DELETE FROM board_hashtag
	    WHERE board_no = #{boardNo}
	</delete>
	
	
	<!-- 새로운 태그 추가 -->
	<insert id="insertTag">
	    INSERT INTO board_hashtag (board_no, hashtag_no)
	    VALUES (#{boardNo}, #{tag})
	</insert>

	<!-- 파일 첨부 로직!  -->
    <insert id="insertAttachment" parameterType="com.gamjabat.board.model.dto.Attachment">
        INSERT INTO ATTACHMENT (ATTACHMENT_NO, FILE_ORIGINAL_NAME, FILE_RENAME, CREATED_AT, ATTACHMENT_BOARD_NO)
        VALUES (#{attachmentNo}, #{originalFileName}, #{storedFileName}, NOW(), #{boardId})
    </insert>
	
	

	<!-- 조회수 증가 -->
	<update id="increaseViewCount" parameterType="String">
	    UPDATE board
	    SET view_count = view_count + 1
	    WHERE board_no = #{boardNo}
	</update>


	<!-- 좋아요 관련 쿼리 -->
    <select id="isLiked" resultType="int" >
        SELECT COUNT(*) FROM likes
        WHERE board_no = #{boardNo} AND member_no = #{memberNo}
    </select>

    <insert id="addLike">
        INSERT INTO likes (likes_no, board_no, member_no, created_at)
        VALUES ('LK_' || TO_CHAR(SEQ_LIKES_NO.NEXTVAL, 'FM0000'),#{boardNo}, #{memberNo}, SYSDATE)
    </insert>

    <delete id="removeLike">
        DELETE FROM likes
        WHERE board_no = #{boardNo} AND member_no = #{memberNo}
    </delete>

    <select id="getLikeCount" resultType="int">
        SELECT COUNT(*) FROM likes
        WHERE board_no = #{boardNo}
    </select>
	
	<!-- 좋아요 수 증가 -->
	<update id="increaseLikeCount">
	    UPDATE board SET board_like_count = board_like_count + 1 WHERE board_no = #{boardNo}
	</update>
	
	<!-- 좋아요 수 감소 -->
	<update id="decreaseLikeCount">
	    UPDATE board SET board_like_count = board_like_count - 1 WHERE board_no = #{boardNo}
	</update>
	
	<!-- 좋아요 여부 확인 -->
    <select id="checkIfLiked" resultType="int">
        SELECT COUNT(*) 
        FROM likes 
        WHERE board_no = #{boardNo} 
          AND member_no = #{memberNo}
    </select>
    
	<!-- 게시물 작성자의 고유번호를 가져와서 본인글인지 확인하기위해 사용! -->
	<select id="getWriterMemberNo" parameterType="String" resultType="String">
	    SELECT board_member_no
	    FROM board
	    WHERE board_no = #{boardNo}
	</select>
	
	<select id="selectBoardsByCategory" resultType="com.gamjabat.board.model.dto.Board" parameterType="string">
		SELECT 
		    b.board_no AS boardNo,
		    b.board_title AS title,
		    b.board_content AS content,
		    m.member_name AS writer,
		    b.created_at AS createdAt,
		    b.board_like_count AS likeCount,
		    b.view_count AS viewCount,
		    t.type_name AS categoryName,
		    m.nickname AS writerNickname
		FROM 
		    BOARD b
		JOIN
		    member m ON b.board_member_no = m.member_no
		JOIN 
		    TYPE t 
		ON 
		    b.BOARD_TYPE_NO = t.TYPE_NO
		WHERE 
		    b.BOARD_TYPE_NO = #{categoryName} AND b.IS_DELETED = 'N'
		ORDER BY 
		    b.CREATED_AT DESC
	</select>
	
	<!-- 페이징 처리 -->
	<select id = "selectPagingBoard" resultType="com.gamjabat.board.model.dto.Board" parameterType="map">
		SELECT * FROM BOARD
	</select>
	
	<select id = "selectBoardCount" resultType= "_int">
		SELECT COUNT(*) FROM BOARD
	</select>
	
	<!-- 해시태그 저장 -->	
	<select id="checkHashtagExists" parameterType="string" resultType="int">
        SELECT COUNT(*)
        FROM HASHTAG
        WHERE HASHTAG_NAME = #{tag}
    </select>


    <!-- 새로운 태그 삽입 -->
    <insert id="insertHashtag" parameterType="map">
        INSERT INTO HASHTAG (HASHTAG_NO, HASHTAG_NAME, CREATED_AT)
        VALUES ('HT_' || TO_CHAR(SEQ_HASHTAG_NO.NEXTVAL, 'FM0000'), #{tag}, SYSDATE)
        <selectKey keyProperty="tagCode" resultType="string" order="AFTER">
        	SELECT 'HT_' || TO_CHAR(SEQ_HASHTAG_NO.CURRVAL, 'FM0000') FROM DUAL
        </selectKey>
        
    </insert>
    
    
    <!-- 태그 넘버와 게시글 넘어 연결해서 삽입 -->
    <insert id="insertBoardHashtag" parameterType="map">
	    INSERT INTO board_HASHTABLE (HASHTAG_NO, BOARD_NO)
	    VALUES (#{hashtagNo}, #{boardNo});
	</insert>
    
	
	<!-- 삽인된 해시태그 ID 반환 -->
	<select id="getLastHashtagId" parameterType="string" resultType="string">
	    SELECT HASHTAG_NO
	    FROM (
	        SELECT HASHTAG_NO
	        FROM HASHTAG
	        WHERE HASHTAG_NAME = #{tag}
	        ORDER BY CREATED_AT DESC
	    )
	    WHERE ROWNUM = 1
	</select>


	<insert id="linkHashtagToBoard">
	    INSERT INTO board_hashtag (board_no, hashtag_no)
	    VALUES (#{boardNo}, #{tag})
	</insert>


	<!-- 해시태그 가져오기  -->
	<select id="selectHashtagsByBoardNo" resultType="string">
	    SELECT h.HASHTAG_NAME
	    FROM board_hashtag bh
	    JOIN hashtag h ON bh.HASHTAG_NO = h.HASHTAG_NO
	    WHERE bh.BOARD_NO = #{boardNo}
	</select>
	

	<!-- 해시태그 검색  -->
	<select id="selectBoardsByContentHashtag" parameterType="string" resultType="Board">
		    SELECT 
		    b.board_no AS boardNo,
		    b.board_title AS title,
		    b.board_content AS content,
		    m.member_name AS writer,
		    b.created_at AS createdAt,
		    b.board_like_count AS likeCount,
		    b.view_count AS viewCount,
		    t.type_name AS categoryName,
		    m.nickname AS writerNickname
		FROM 
		    board b
		JOIN 
		    member m ON b.board_member_no = m.member_no
		JOIN 
		    type t ON b.board_type_no = t.type_no
		WHERE 
		    b.is_deleted = 'N' AND board_content LIKE '%' || #{hashtag} || '%'
		ORDER BY 
		    b.board_no DESC
	</select>
	


	<!-- 다인 코드 -->
	<select id="selectBoardAllByMemberNo" parameterType="map" resultMap="boardMap">
		SELECT *
		FROM (SELECT ROWNUM AS RNUM, B.*
				FROM (SELECT * 
			            FROM BOARD
			            WHERE BOARD_MEMBER_NO = #{memberNo} AND IS_DELETED = 'N'
			            ORDER BY CREATED_AT DESC)B
			)
		WHERE RNUM BETWEEN #{start} AND #{end}
	</select>
	
	<select id="selectBoardAllByMemberNoCount" parameterType="String" resultType="_int">
	 	SELECT COUNT(*) FROM BOARD WHERE BOARD_MEMBER_NO = #{memberNo} AND IS_DELETED = 'N'
	</select>
	
	<select id="selectBoardAllLikeKeyword" parameterType="map" resultType="com.gamjabat.board.model.dto.Board">
	    SELECT *
	    FROM (
	        SELECT ROWNUM AS RNUM, BB.*
	        FROM (
	            SELECT 
	                b.board_no AS "boardNo",
	                b.board_title AS "title",
	                b.board_content AS "content",
	                m.member_name AS "writer",
	                m.nickname AS "writerNickname",
	                b.created_at AS "createdAt",
	                b.board_like_count AS "likeCount",
	                b.view_count AS "viewCount",
	                t.type_name AS "categoryName"
	            FROM 
	                BOARD b
	            JOIN 
	                MEMBER m ON b.board_member_no = m.member_no
	            JOIN 
	                TYPE t ON b.board_type_no = t.type_no
	            WHERE b.IS_DELETED = 'N' AND
                (UPPER(REGEXP_REPLACE(b.BOARD_TITLE, '&lt;[^&gt;]+&gt;', '')) LIKE '%' || UPPER(#{keyword}) || '%'
                OR UPPER(REGEXP_REPLACE(b.BOARD_CONTENT, '&lt;[^&gt;]+&gt;', '')) LIKE '%' || UPPER(#{keyword}) || '%')
	            ORDER BY b.created_at DESC
	        ) BB
	    )
	    WHERE RNUM BETWEEN #{start} AND #{end}
	</select>
	
	
	<select id="selectBoardAllLikeKeywordCount" parameterType="String" resultType="_int">
	    SELECT COUNT(*)
	    FROM 
	        BOARD b
	    JOIN 
	        MEMBER m ON b.board_member_no = m.member_no
	    JOIN 
	        TYPE t ON b.board_type_no = t.type_no
	    WHERE 
	        b.IS_DELETED = 'N' AND
            (UPPER(REGEXP_REPLACE(b.BOARD_TITLE, '&lt;[^&gt;]+&gt;', '')) LIKE '%' || UPPER(#{keyword}) || '%'
            OR UPPER(REGEXP_REPLACE(b.BOARD_CONTENT, '&lt;[^&gt;]+&gt;', '')) LIKE '%' || UPPER(#{keyword}) || '%')
	</select>

	<select id="selectBoardsByType" parameterType="map" resultType="com.gamjabat.board.model.dto.Board">
	    SELECT 
	        b.board_no AS "boardNo",
	        b.board_title AS "title",
	        b.board_content AS "content",
	        m.member_name AS "writer",
	        m.nickname AS "writerNickname",
	        b.created_at AS "createdAt",
	        b.board_like_count AS "likeCount",
	        b.view_count AS "viewCount",
	        t.type_name AS "categoryName"
	    FROM (
	        SELECT *
	        FROM BOARD
	        WHERE IS_DELETED = 'N'
	        <if test="type == 'hot'">
	            ORDER BY BOARD_LIKE_COUNT DESC
	        </if>
	        <if test="type == 'latest'">
	            ORDER BY CREATED_AT DESC
	        </if>
	        <if test="type == 'most-viewed'">
	            ORDER BY VIEW_COUNT DESC
	        </if>
	    ) b
	    JOIN MEMBER m ON b.board_member_no = m.member_no
	    JOIN TYPE t ON b.board_type_no = t.type_no
	    WHERE ROWNUM &lt;= #{limit}
	</select>

</mapper>


