<?xml version="1.0" encoding="UTF-8"?>

<!DOCTYPE mapper PUBLIC "-//mybatis.org//DTD Mapper 3.0" 
"http://mybatis.org/dtd/mybatis-3-mapper.dtd" >

<!--
	mapper태그에는 반드시 namespace속성을 설정
	mybatis가 mapper를 찾을 때 이름이됨
-->

<mapper namespace = "board">
	<!-- 실행할 sql문 관련 실행! -->
	<!-- <insert id="insertBoard" parameterType="com.gamjabat.board.model.dto.Board">

     INSERT INTO BOARD VALUES (
        #{boardNo}, #{category}, #{title}, #{content}, #{likeCount},
        #{viewCount}, #{createdAt}, #{updatedAt}, #{isDeleted}, #{memberNo}, #{boardTypeNumber}
    )
</insert> -->
		
		 
	<!-- 상균님 코드 -->
		
	<insert id="insertBoard" parameterType="com.gamjabat.board.model.dto.Board">
    INSERT INTO BOARD VALUES ('1', #{title}, #{content},
    #{likeCount}, #{viewCount}, #{createdAt, jdbcType=TIMESTAMP}, #{updatedAt, jdbcType=TIMESTAMP}, 
    #{deletedAt, jdbcType=TIMESTAMP}, #{isDeleted}, #{memberNo}, #{boardTypeNumber})
	</insert>
	
	
	<select id="selectBoardsAll" resultType="com.gamjabat.board.model.dto.Board">
    SELECT b.board_no AS boardNo,
           b.board_title AS title,
           b.board_content AS content,
           m.member_name AS writer,
           b.created_at AS createdAt,
           b.board_like_count AS likeCount,
           b.view_count AS viewCount
    FROM BOARD b
    JOIN MEMBER m ON b.board_member_no = m.member_no
    WHERE b.IS_DELETED = 'N'
    ORDER BY boardNo DESC
	</select>
	
	
	<select id="selectByBoardNo" parameterType="String" resultType="com.gamjabat.board.model.dto.Board">
    SELECT 
        b.board_no AS "boardNo",
        b.board_title AS "title",
        b.board_content AS "content",
        m.member_name AS "writer",
        b.created_at AS "createdAt",
        b.board_like_count AS "likeCount",
        b.view_count AS "viewCount"
    FROM 
        BOARD b
        JOIN MEMBER m ON b.board_member_no = m.member_no
    WHERE 
        b.board_no = #{boardNo}
	</select>
	
	
	<update id="logicalDeleteBoard" parameterType="String">
    UPDATE BOARD SET IS_DELETED = 'Y' WHERE board_no = #{boardNo}
	</update>
	
	
	<update id="updateBoard" parameterType="com.gamjabat.board.model.dto.Board">
    UPDATE BOARD SET
    title = #{title},
    content = #{content},
    updatedAt = CURRENT_TIMESTAMP
    WHERE board_no = #{boardNo}
	</update>

	
	<!-- 감자 COMMENTS 코드-->
	<insert id="insertBoardComment" parameterType="boardComment">
	INSERT INTO COMMENTS(COMMENT_NO, COMMENT_CONTENT,COMMENT_LIKE_COUNT,COMMENT_LEVEL,COMMENT_MEMBER_NO,PARENT_COMMENT_NO,COMMENT_BOARD_NO) VALUES(
	'CM_' || LPAD(SEQ_COMMENTS_NO.NEXTVAL, 4, '0'),#{commentContent},0,#{commentLevel},#{commentMemberNo},#{parentCommentNo},#{commentBoardNo})
	</insert>
	
	<select id="selectBoardComment" parameterType="string" resultMap="boardCommentMap">
	SELECT * FROM COMMENTS WHERE COMMENT_BOARD_NO=#{boardNo}
	START WITH COMMENT_LEVEL=1
	CONNECT BY PRIOR COMMENT_NO=PARENT_COMMENT_NO
	</select>
		
	
	<!-- COMMENT 댓글 -->	 
	 <resultMap id="boardCommentMap" type="boardComment">
			<id column="comment_no" property="commentNo"/>
			<result column="comment_content" property="commentContent"/>
			<result column="comment_like_count" property="commentLikeCount"/>
			<result column="comment_level" property="commentLevel"/>	
			<result column="created_at" property="createdAt"/>
			<result column="updated_at" property="updatedAt"/>
			<result column="deleted_at" property="deletedAt"/> 
			<result column="is_deleted" property="isDeleted"/> 
			<result column="comment_member_no" property="commentMemberNo"/> 
			<result column="parent_comment_no" property="parentCommentNo"/> 
			<result column="comment_board_no" property="commentBoardNo"/> 
		</resultMap>	 
		 

</mapper>