<?xml version="1.0" encoding="UTF-8"?>

<!DOCTYPE mapper PUBLIC "-//mybatis.org//DTD Mapper 3.0" 
"http://mybatis.org/dtd/mybatis-3-mapper.dtd" >

<mapper namespace = "comments">
	<!-- COMMENT 댓글 -->	 
	 <resultMap id="boardCommentMap" type="boardComment">
		<id column="comment_no" property="commentNo"/>
		<result column="comment_content" property="commentContent"/>
		<result column="comment_like_count" property="commentLikeCount"/>
		<result column="comment_level" property="commentLevel"/>	
		<result column="created_at" property="createdAt"/>
		<result column="updated_at" property="updatedAt"/>
		<result column="deleted_at" property="deletedAt"/> 
		<result column="is_deleted" property="isDeleted"/> 
		<result column="comment_member_no" property="commentMemberNo"/> 
		<result column="parent_comment_no" property="parentCommentNo"/> 
		<result column="comment_board_no" property="commentBoardNo"/> 
		<result property="writerNickname" column="COMMENT_WRITER_NICKNAME" />
	</resultMap>
	
	<!-- 감자 COMMENTS 코드-->
	<insert id="insertBoardComment" parameterType="boardComment">
	INSERT INTO COMMENTS(COMMENT_NO, COMMENT_CONTENT,COMMENT_LIKE_COUNT,COMMENT_LEVEL,COMMENT_MEMBER_NO,PARENT_COMMENT_NO,COMMENT_BOARD_NO) VALUES(
	'CM_' || LPAD(SEQ_COMMENTS_NO.NEXTVAL, 4, '0'),#{commentContent},0,#{commentLevel},#{commentMemberNo},#{parentCommentNo},#{commentBoardNo})
	</insert>
	
	
	<!-- <select id="selectBoardComment" parameterType="string" resultMap="boardCommentMap">
		SELECT COMMENT_NO, COMMENT_BOARD_NO, COMMENT_MEMBER_NO, COMMENT_CONTENT, IS_DELETED, DELETED_AT, COMMENT_LEVEL, PARENT_COMMENT_NO
		FROM COMMENTS
		WHERE COMMENT_BOARD_NO = #{boardNo}
		START WITH COMMENT_LEVEL = 1
		CONNECT BY PRIOR COMMENT_NO = PARENT_COMMENT_NO
		ORDER SIBLINGS BY COMMENT_NO
	</select> -->
	
	
	<select id="selectBoardComment" parameterType="string" resultMap="boardCommentMap">
	    SELECT
	        C.COMMENT_NO,
	        C.COMMENT_BOARD_NO,
	        C.COMMENT_MEMBER_NO,
	        C.COMMENT_CONTENT,
	        C.IS_DELETED,
	        C.DELETED_AT,
	        C.COMMENT_LEVEL,
	        C.PARENT_COMMENT_NO,
	        M.NICKNAME AS COMMENT_WRITER_NICKNAME -- 댓글 작성자의 닉네임 추가
	    FROM
	        COMMENTS C
	    LEFT JOIN
	        MEMBER M
	        ON C.COMMENT_MEMBER_NO = M.MEMBER_NO -- 댓글 작성자와 회원 정보를 조인
	    WHERE
	        C.COMMENT_BOARD_NO = #{boardNo}
	    START WITH
	        C.COMMENT_LEVEL = 1
	    CONNECT BY
	        PRIOR C.COMMENT_NO = C.PARENT_COMMENT_NO
	    ORDER SIBLINGS BY
	        C.COMMENT_NO
</select>
	
	
	
	<update id="deleteBoardComment" parameterType="string">
    	UPDATE COMMENTS SET IS_DELETED='Y', DELETED_AT=SYSDATE WHERE COMMENT_NO = #{commentNo}
	</update>
	
	<update id="updateBoardComment" parameterType="com.gamjabat.board.model.dto.BoardComments">
    	UPDATE COMMENTS SET
        comment_content = #{commentContent},
        updated_at = CURRENT_TIMESTAMP
    	WHERE comment_no = #{commentNo}
	</update>
		
		<!-- 페이징 처리.  -->
	<select id="selectBoardCommentByNo" resultMap="boardCommentMap" parameterType="map">
		SELECT * 
		FROM (SELECT ROWNUM AS RNUM, C.* 
			FROM (SELECT * FROM COMMENTS WHERE COMMENT_BOARD_NO =  #{boardNo})C
			)
		WHERE RNUM BETWEEN #{start} AND #{end}
	</select>
	
		<!-- 페이징시 카운터. 처리.  -->
	<select id="selectBoardCommentCountAll" resultType="_int" parameterType="string">  
		SELECT COUNT(*) FROM COMMENTS 
		WHERE COMMENT_BOARD_NO =  #{boardNo} 
	</select>
	
	
	
	
	<!-- 댓글 좋아요 관련 쿼리 -->
    <select id="selectBoardCommentLike" resultType="int" >
        SELECT COUNT(*) FROM likes
        WHERE MEMBER_NO = #{memberNo} AND COMMENT_NO = #{commentNo}
    </select>

    <insert id="insertCommentLike">
        INSERT INTO likes (likes_no, member_no, comment_no, created_at)
        VALUES ('LK_' || TO_CHAR(SEQ_LIKES_NO.NEXTVAL, 'FM0000'), #{memberNo}, #{commentNo}, SYSDATE)
    </insert>

    <delete id="deleteCommentLike">
        DELETE FROM likes
        WHERE member_no = #{memberNo} AND comment_no = #{commentNo}
    </delete>
    
    <update id="updateLikeCount" parameterType="map">
    	UPDATE COMMENTS
    	<set>
    		<if test="flag =='increment'">
    			COMMENT_LIKE_COUNT=COMMENT_LIKE_COUNT+1
    		</if>
    		<if test="flag =='decrement'">
    			COMMENT_LIKE_COUNT=COMMENT_LIKE_COUNT-1
    		</if>
    	</set>
    	WHERE COMMENT_NO = #{commentNo}
    </update>

	
</mapper>