<?xml version="1.0" encoding="UTF-8"?>
<!DOCTYPE mapper PUBLIC "-//mybatis.org//DTD Mapper 3.0" "http://mybatis.org/dtd/mybatis-3-mapper.dtd">


		
	<mapper namespace="member">
<resultMap id="memberMap" type="member">
<result property="memberNo" column="MEMBER_NO"/>
<result property="memberId" column="MEMBER_ID"/>
<result property="memberPwd" column="MEMBER_PWD"/>
<result property="memberName" column="MEMBER_NAME"/>
<result property="email" column="EMAIL"/>
<result property="phone" column="PHONE"/>
<result property="address" column="ADDRESS"/>
<result property="birthday" column="BIRTHDAY"/>
<result property="nickname" column="NICKNAME"/>
<result property="createdAt" column="CREATED_AT"/>
<result property="updatedAt" column="UPDATED_AT"/>
<result property="deletedAt" column="DELETED_AT"/>
<result property="isDeleted" column="IS_DELETED"/>
</resultMap>
<select id="loginInvlidCheck" resultType="com.gamjabat.model.dto.member.Member" parameterType="com.gamjabat.model.dto.member.Member"> SELECT member_no AS memberNo ,member_id AS memberId ,MEMBER_PWD AS memberPwd ,EMAIL FROM MEMBER WHERE MEMBER_id=#{memberId} AND member_pwd=#{memberPwd} </select>
<select id="selectMemberCount" resultType="_int"> SELECT COUNT(*) FROM MEMBER </select>
<insert id="signupMember" parameterType="member"> INSERT INTO MEMBER VALUES('MB_' || LPAD(SEQ_MEMBER_NO.NEXTVAL, 4, '0'), #{memberId}, #{memberPwd}, #{memberName},#{email},#{phone},#{address}, #{birthday},#{nickname}, DEFAULT, DEFAULT, NULL, DEFAULT) </insert>
<select id="selectMemberById" parameterType="string" resultMap="memberMap"> SELECT * FROM MEMBER WHERE MEMBER_ID=#{id} </select>

<!--  <insert id="signupMember" parameterType="member">
	 	INSERT INTO MEMBER VALUES('MB_' || LPAD(SEQ_MEMBER_NO.NEXTVAL, 4, '0'), #{memberId}, #{memberPwd}, #{memberName},#{email},#{phone},#{address}, #{birthday}, DEFAULT, DEFAULT, NULL, DEFAULT)
	 </insert> -->
	 

</mapper>		
		
		
	
