<?xml version="1.0" encoding="UTF-8"?>
<!DOCTYPE configuration PUBLIC "-//mybatis.org//DTD Config 3.0//EN" "http://mybatis.org/dtd/mybatis-3-config.dtd" >
<configuration>
	<properties resource = "driver.properties"></properties>
	
	<settings>
		<setting name = "jdbcTypeForNull" value = "NULL"/>
	</settings>
	
	<typeAliases>
		<typeAlias type="com.gamjabat.admin.model.dto.Board" alias="adminBoard"/>
		<typeAlias type="com.gamjabat.admin.model.dto.Member" alias="adminMember"/>
		<typeAlias type="com.gamjabat.model.dto.member.Member" alias="member"/>
		<typeAlias type="com.gamjabat.board.model.dto.Board" alias="board"/>
		<typeAlias type="com.gamjabat.board.model.dto.BoardComments" alias="boardComment"/>
	</typeAliases>
	
	
	<environments default = "dev">
		<environment id="dev">
			<transactionManager type="jdbc"/>
				<dataSource type = "POOLED">
					<property name = "driver" value = "${driver}"/>
					<property name = "url" value = "${url}"/>
					<property name = "username" value = "${user}"/>
					<property name = "password" value = "${pw}"/>
				</dataSource>
		</environment>
	</environments>
	
	<mappers>
		<mapper resource="/mappers/admin-mapper.xml"/>
		<mapper resource="/mappers/member-mapper.xml"/>
		<mapper resource="/mappers/board-mapper.xml"/>
		<mapper resource="/mappers/comments-mapper.xml"/>
		<mapper resource="/mappers/attachment-mapper.xml"/>
		<mapper resource="/mappers/report-mapper.xml"/>
	</mappers>
	
</configuration>