<?xml version="1.0" encoding="UTF-8"?>
<!DOCTYPE configuration PUBLIC "-//mybatis.org//DTD Config 3.0//EN" "http://mybatis.org/dtd/mybatis-3-config.dtd" >
<configuration>
		<!-- 
			 DB접속에 대한 설정 -> Connection객체를 생성할 때 필요한 정보를 설정 
			 트랜잭션, 잡속Session을 관리하는 설정도 같이 함.
		-->
	<properties resource = "driver.properties"></properties>
	
	<settings>
		<setting name = "jdbcTypeForNull" value = "NULL"/>
	</settings>
	
	<typeAliases>
		<typeAlias type="com.gamjabat.model.dto.member.Member" alias="member"/>
		<typeAlias type="com.gamjabat.board.model.dto.Board" alias="board"/>
		<typeAlias type="com.gamjabat.board.model.dto.BoardComments" alias="boardComment"/>

	</typeAliases>
	
	<environments default = "dev">
		<environment id="dev">
			<transactionManager type="jdbc"/>
				<dataSource type = "POOLED">
					<property name = "driver" value = "${driver}"/>
					<property name = "url" value = "${url}"/>
					<property name = "username" value = "${user}"/>
					<property name = "password" value = "${pw}"/>
				</dataSource>
		</environment>
	</environments>
	
	<mappers>
		<mapper resource="/mappers/member-mapper.xml"/>
		<mapper resource="/mappers/board-mapper.xml"/>
	</mappers>
	
</configuration>